MdlSz,Ts,Th_stiffness_x,Th_stiffness_y,Th_stiffness_z,Th_damping_x,Th_damping_y,Th_damping_z,Th_z_sum
4,0.01,-322.732627893024,-166.119775584399,-400.586322693969,-4.52150780983089,-3.70483765945779,-4.67597555547742,0.0144495539892542
4,0.015,-138.059769159521,-27.2866168727219,-179.247083844118,-2.86750324160316,-1.80433008578213,-3.12604519761692,0.0369556052974636
4,0.02,-47.0326525265821,-39.4780294003527,-92.9362145983036,-1.66807531585079,-1.52484420539121,-2.27501083173406,0.0686369553134912
4,0.025,-23.8744562395156,-28.8864752070409,-58.0987392068913,-1.19466803583141,-1.21716501566462,-1.73585232714546,0.11678343122734
7,0.01,-130.019983895138,-89.9944460450305,-265.331320236993,-3.06426452910362,-2.94117183836778,-3.84629412898797,0.105367494978298
7,0.015,-35.5065296291002,-101.297606742145,-180.630067709458,-1.72773365394041,-2.28906961328699,-2.97684172301308,0.153050766025989
7,0.02,-36.4956514813198,-52.456466346464,-108.62215726074,-1.26670004491642,-1.63281761158912,-2.31928978431549,0.253310332864615
7,0.025,-38.9912033112542,-42.2461069274069,-71.3930285095305,-1.39170254350626,-1.32926390010176,-1.90984039242849,0.382836543921633
