ExpSetN,SimType,NTraj,Ts,Hp,nSOM,nCOM,LastEpoch,NEpochs,NSamples,MinRwd,Th_ubound,Th_gbound,Th_WQ,Th_WT,Th_WR
1,0,6,0.02,25,4,4,50,5,10,-100,0.00642311608336075,0.000590226676209113,1,0.416669944605552,0.141689134490178
1,1,6,0.02,25,4,4,45,5,10,-100,0.00384894951815819,0.0012450716723486,0.114187253791594,0.354417391649554,1
1,2,6,0.02,25,4,4,15,5,10,-100,0.00504144116927754,0.000632381281527086,0.722792705228662,1,0.896218214389972
