ExpSetN,NTraj,Ts,Hp,nSOM,nCOM,LastEpoch,NEpochs,NSamples,MinRwd,Th_ubound,Th_gbound,Th_WQ,Th_WT,Th_WR
0,6,0.02,25,4,4,10,5,10,-100,0.00537595019165171,0.000522982403071761,1,0.847912823544259,0.265612363820638
