ExpSetN,SimType,NTraj,Ts,Hp,nSOM,nCOM,LastEpoch,NEpochs,NSamples,MinRwd,Th_ubound,Th_gbound,Th_WQ,Th_WT,Th_WR
1,0,6,0.02,25,4,4,25,5,10,-100,0.00616879742510648,0.000629058551346097,1,0.418816010642064,0.188776779374547
2,1,6,0.02,25,4,4,10,5,10,-100,0.00456173982916874,0.00114807297130465,0.40193872781588,0.361726107397449,1
