ExpSetN,SimType,NTraj,Ts,Hp,nSOM,nCOM,LastEpoch,NEpochs,NSamples,MinRwd,Th_ubound,Th_gbound,Th_WQ,Th_WT,Th_WR
1,0,6,0.02,25,4,4,50,5,10,-100,0.00642311608336075,0.000590226676209113,1,0.416669944605552,0.141689134490178
1,1,6,0.02,25,4,4,60,5,10,-100,0.00341439602588966,0.00128865716838314,0.15328929432864,0.386795709519777,1
1,2,6,0.02,25,4,4,20,5,10,-100,0.00473426987139925,0.000561923787566861,0.650401302174217,1,0.876676070067119
1,0,6,0.025,20,4,4,60,5,10,-100,0.00540247583171693,0.000801330290251419,1,0.983617817637553,0.318859516634021
