ExpSetN,SimType,NTraj,Ts,Hp,nSOM,nCOM,LastEpoch,NEpochs,NSamples,MinRwd,Th_ubound,Th_gbound,Th_WQ,Th_WT,Th_WR
1,0,6,0.02,25,4,4,50,5,10,-100,0.00642311608336075,0.000590226676209113,1,0.416669944605552,0.141689134490178
2,1,6,0.02,25,4,4,10,5,10,-100,0.00456173982916874,0.00114807297130465,0.40193872781588,0.361726107397449,1
1,2,6,0.02,25,4,4,5,5,10,-1000,0.00487826404364594,0.000662359212903155,1,0.8394979762498,0.396975629352614
